The Dark Knight Rises,164000,8.5,Action^Thriller,250000000,448130642,English,USA
Spectre,85000,6.8,Action^Adventure^Thriller,245000000,200074175,English,UK
Tangled,29000,7.8,Adventure^Animation^Comedy^Family^Fantasy^Musical^Romance,260000000,200807262,English,USA
Avengers: Age of Ultron,118000,7.5,Action^Adventure^Sci-Fi,250000000,458991599,English,USA
Avatar,33000,7.9,Action^Adventure^Fantasy^Sci-Fi,237000000,760505847,English,USA
John Carter,24000,6.6,Action^Adventure^Sci-Fi,263700000,73058679,English,USA
Batman v Superman: Dawn of Justice,197000,6.9,Action^Adventure^Sci-Fi,250000000,330249062,English,USA
Harry Potter and the Half-Blood Prince,10000,7.5,Adventure^Family^Fantasy^Mystery,250000000,301956980,English,UK
The Lone Ranger,48000,6.5,Action^Adventure^Western,215000000,89289910,English,USA
The Avengers,123000,8.1,Action^Adventure^Sci-Fi,220000000,623279547,English,USA
Man of Steel,118000,7.2,Action^Adventure^Fantasy^Sci-Fi,225000000,291021565,English,USA
The Hobbit: The Battle of the Five Armies,65000,7.5,Adventure^Fantasy,250000000,255108370,English,New Zealand
Pirates of the Caribbean: On Stranger Tides,58000,6.7,Action^Adventure^Fantasy,250000000,241063875,English,USA
Men in Black 3,40000,6.8,Action^Adventure^Comedy^Family^Fantasy^Sci-Fi,225000000,179020854,English,USA
Robin Hood,17000,6.7,Action^Adventure^Drama^History,200000000,105219735,English,USA
The Amazing Spider-Man,56000,7,Action^Adventure^Fantasy,230000000,262030663,English,USA
The Hobbit: The Desolation of Smaug,83000,7.9,Adventure^Fantasy,225000000,258355354,English,USA
Captain America: Civil War,72000,8.2,Action^Adventure^Sci-Fi,250000000,407197282,English,USA
Titanic,26000,7.7,Drama^Romance,200000000,658672302,English,USA
Battleship,44000,5.9,Action^Adventure^Sci-Fi^Thriller,209000000,65173160,English,USA
Skyfall,80000,7.8,Action^Adventure^Thriller,200000000,304360277,English,UK
Iron Man 3,95000,7.2,Action^Adventure^Sci-Fi,200000000,408992272,English,USA
Alice in Wonderland,24000,6.5,Adventure^Family^Fantasy,200000000,334185206,English,USA
Jurassic World,150000,7,Action^Adventure^Sci-Fi^Thriller,150000000,652177271,English,USA
Monsters University,44000,7.3,Adventure^Animation^Comedy^Family^Fantasy,200000000,268488329,English,USA
Oz the Great and Powerful,60000,6.4,Adventure^Family^Fantasy,215000000,234903076,English,USA
Transformers: Age of Extinction,56000,5.7,Action^Adventure^Sci-Fi,210000000,245428137,English,USA
TRON: Legacy,30000,6.8,Action^Adventure^Sci-Fi,170000000,172051787,English,USA
Cars 2,10000,6.3,Adventure^Animation^Comedy^Family^Sport,200000000,191450875,English,USA
Green Lantern,24000,5.6,Action^Adventure^Sci-Fi,200000000,116593191,English,USA
Toy Story 3,30000,8.3,Adventure^Animation^Comedy^Family^Fantasy,200000000,414984497,English,USA
Furious 7,94000,7.2,Action^Crime^Thriller,190000000,350034110,English,USA
X-Men: Days of Future Past,82000,8,Action^Adventure^Fantasy^Sci-Fi^Thriller,200000000,233914986,English,USA
The Amazing Spider-Man 2,41000,6.7,Action^Adventure^Fantasy^Sci-Fi,200000000,202853933,English,USA
World War Z,129000,7,Action^Adventure^Horror^Sci-Fi^Thriller,190000000,202351611,English,USA
Star Trek Into Darkness,92000,7.8,Action^Adventure^Sci-Fi,190000000,228756232,English,USA
Jack the Giant Slayer,22000,6.3,Adventure^Fantasy,195000000,65171860,English,USA
The Great Gatsby,115000,7.3,Drama^Romance,105000000,144812796,English,Australia
Pacific Rim,83000,7,Action^Adventure^Sci-Fi,190000000,101785482,English,USA
Prince of Persia: The Sands of Time,23000,6.6,Action^Adventure^Fantasy^Romance,200000000,90755643,English,USA
Brave,39000,7.2,Adventure^Animation^Comedy^Family^Fantasy,185000000,237282182,English,USA
Transformers: Dark of the Moon,46000,6.3,Action^Adventure^Sci-Fi,195000000,352358779,English,USA
Jupiter Ascending,44000,5.4,Action^Adventure^Sci-Fi,176000000,47375327,English,USA
M2012,13000,5.8,Action^Adventure^Sci-Fi,200000000,166112167,English,USA
The Dark Knight,37000,9,Action^Crime^Drama^Thriller,185000000,533316061,English,USA
WALL·E,16000,8.4,Adventure^Animation^Family^Sci-Fi,180000000,223806889,English,USA
X-Men: Apocalypse,54000,7.3,Action^Adventure^Sci-Fi,178000000,154985087,English,USA
Up,27000,8.3,Adventure^Animation^Comedy^Family,175000000,292979556,English,USA
Hugo,42000,7.5,Adventure^Drama^Family^Mystery,170000000,73820094,English,USA
Edge of Tomorrow,77000,7.9,Action^Adventure^Sci-Fi,178000000,100189501,English,USA
Inside Out,118000,8.3,Adventure^Animation^Comedy^Drama^Family^Fantasy,175000000,356454367,English,USA
Suicide Squad,80000,6.9,Action^Adventure^Comedy^Sci-Fi,175000000,161087183,English,USA
Iron Man,10000,7.9,Action^Adventure^Sci-Fi,140000000,318298180,English,USA
Iron Man 2,18000,7,Action^Adventure^Sci-Fi,200000000,312057433,English,USA
The Jungle Book,65000,7.8,Adventure^Drama^Family^Fantasy,175000000,362645141,English,UK
Snow White and the Huntsman,53000,6.1,Action^Adventure^Drama^Fantasy,170000000,155111815,English,USA
Dawn of the Planet of the Apes,45000,7.6,Action^Adventure^Drama^Sci-Fi,170000000,208543795,English,USA
Maleficent,89000,7,Action^Adventure^Family^Fantasy^Romance,180000000,241407328,English,USA
Captain America: The Winter Soldier,55000,7.8,Action^Adventure^Sci-Fi,170000000,259746958,English,USA
47 Ronin,35000,6.3,Action^Adventure^Drama^Fantasy,175000000,38297305,English,USA
Big Hero 6,41000,7.9,Action^Adventure^Animation^Comedy^Drama^Family^Sci-Fi,165000000,222487711,English,USA
Wreck-It Ralph,40000,7.8,Adventure^Animation^Comedy^Family^Sci-Fi,165000000,189412677,English,USA
Tomorrowland,37000,6.5,Action^Adventure^Family^Mystery^Sci-Fi,190000000,93417865,English,USA
The Polar Express,10000,6.6,Adventure^Animation^Family^Fantasy,165000000,665426,English,USA
How to Train Your Dragon,33000,8.2,Adventure^Animation^Family^Fantasy,165000000,217387997,English,USA
Guardians of the Galaxy,96000,8.1,Action^Adventure^Sci-Fi,170000000,333130696,English,USA
Interstellar,349000,8.6,Adventure^Drama^Sci-Fi,165000000,187991439,English,USA
Inception,175000,8.8,Action^Adventure^Sci-Fi^Thriller,160000000,292568851,English,USA
The Hobbit: An Unexpected Journey,166000,7.9,Adventure^Fantasy,180000000,303001229,English,USA
The Curious Case of Benjamin Button,23000,7.8,Drama^Fantasy^Romance,150000000,127490802,English,USA
The Fast and the Furious,14000,6.7,Action^Crime^Thriller,38000000,144512310,English,USA
X-Men: First Class,54000,7.8,Action^Adventure^Sci-Fi,160000000,146405371,English,USA
The Sorcerer's Apprentice,11000,6.1,Action^Adventure^Family^Fantasy,150000000,63143812,English,USA
Warcraft,89000,7.3,Action^Adventure^Fantasy,160000000,46978995,English,USA
The Chronicles of Narnia: The Voyage of the Dawn Treader,11000,6.3,Adventure^Family^Fantasy,155000000,104383624,English,USA
The Hunger Games: Mockingjay - Part 2,38000,6.6,Adventure^Sci-Fi,160000000,281666058,English,USA
Terminator Genisys,82000,6.6,Action^Adventure^Sci-Fi,155000000,89732035,English,USA
Ratatouille,10000,8,Animation^Comedy^Family^Fantasy,150000000,206435493,English,USA
Frozen,58000,7.6,Adventure^Animation^Comedy^Family^Fantasy^Musical,150000000,400736600,English,USA
Thor: The Dark World,63000,7.1,Action^Adventure^Fantasy,170000000,206360018,English,USA
Batman Begins,15000,8.3,Action^Adventure,150000000,205343774,English,USA
I Am Legend,11000,7.2,Drama^Horror^Sci-Fi,150000000,256386216,English,USA
Mission: Impossible - Rogue Nation,47000,7.4,Action^Adventure^Thriller,150000000,195000874,English,China
Thor,63000,7,Action^Adventure^Fantasy,150000000,181015141,English,USA
Dark Shadows,82000,6.2,Comedy^Fantasy^Horror,100000000,79711678,English,USA
Mad Max: Fury Road,191000,8.1,Action^Adventure^Sci-Fi^Thriller,150000000,153629485,English,Australia
Wrath of the Titans,19000,5.8,Action^Adventure^Fantasy,150000000,83640426,English,USA
Kung Fu Panda 2,20000,7.3,Action^Adventure^Animation^Comedy^Family,150000000,165230261,English,USA
The Last Airbender,18000,4.2,Action^Adventure^Family^Fantasy,150000000,131564731,English,USA
Madagascar 3: Europe's Most Wanted,17000,6.9,Adventure^Animation^Comedy^Family,145000000,216366733,English,USA
White House Down,33000,6.4,Action^Drama^Thriller,150000000,73103784,English,USA
Rise of the Guardians,25000,7.3,Adventure^Animation^Family^Fantasy,145000000,103400692,English,USA
Armageddon,11000,6.6,Action^Adventure^Sci-Fi^Thriller,140000000,201573391,English,USA
Exodus: Gods and Kings,51000,6.1,Action^Adventure^Drama,140000000,65007045,English,UK
Mission: Impossible - Ghost Protocol,35000,7.4,Action^Adventure^Thriller,145000000,209364921,English,USA
Star Trek,19000,8,Action^Adventure^Sci-Fi,150000000,257704099,English,USA
How to Train Your Dragon 2,46000,7.9,Action^Adventure^Animation^Comedy^Family^Fantasy,145000000,176997107,English,USA
G.I. Joe: Retaliation,42000,5.8,Action^Adventure^Sci-Fi^Thriller,130000000,122512052,English,USA
Watchmen,18000,7.7,Action^Drama^Mystery^Sci-Fi,130000000,107503316,English,USA
The Twilight Saga: Breaking Dawn - Part 2,65000,5.5,Adventure^Drama^Fantasy^Romance,120000000,292298923,English,USA
Captain America: The First Avenger,46000,6.9,Action^Adventure^Sci-Fi,140000000,176636816,English,USA
The Revenant,190000,8.1,Adventure^Drama^Thriller^Western,135000000,183635922,English,USA
Rango,26000,7.2,Adventure^Animation^Comedy^Family^Western,135000000,123207194,English,USA
Ant-Man,61000,7.4,Action^Adventure^Comedy^Sci-Fi,130000000,180191634,English,USA
Puss in Boots,16000,6.7,Action^Adventure^Animation^Comedy^Family^Fantasy,130000000,149234747,English,USA
Noah,71000,5.8,Action^Adventure^Drama,125000000,101160529,English,USA
The Twilight Saga: Breaking Dawn - Part 2,65000,5.5,Adventure^Drama^Fantasy^Romance,120000000,292298923,English,USA
The Hunger Games: Catching Fire,82000,7.6,Adventure^Sci-Fi^Thriller,130000000,424645577,English,USA
Salt,23000,6.4,Action^Crime^Mystery^Thriller,110000000,118311368,English,USA
The Adventures of Tintin,44000,7.4,Action^Adventure^Family^Mystery,135000000,77564037,English,USA
Harry Potter and the Prisoner of Azkaban,11000,7.8,Adventure^Family^Fantasy^Mystery,130000000,249358727,English,UK
After Earth,37000,4.9,Action^Adventure^Sci-Fi,130000000,60522097,English,USA
Harry Potter and the Sorcerer's Stone,16000,7.5,Adventure^Family^Fantasy,125000000,317557891,English,UK
Megamind,13000,7.3,Action^Animation^Comedy^Family^Sci-Fi,130000000,148337537,English,USA
Pirates of the Caribbean: The Curse of the Black Pearl,10000,8.1,Action^Adventure^Fantasy,140000000,305388685,English,USA
The Hunger Games: Mockingjay - Part 1,52000,6.7,Adventure^Sci-Fi^Thriller,125000000,337103873,English,USA
Sherlock Holmes: A Game of Shadows,39000,7.5,Action^Adventure^Crime^Mystery^Thriller,125000000,186830669,English,USA
Clash of the Titans,15000,5.8,Action^Adventure^Fantasy,125000000,163192114,English,USA
The Day After Tomorrow,19000,6.4,Action^Adventure^Sci-Fi^Thriller,125000000,186739919,English,USA
Fast Five,54000,7.3,Action^Crime^Thriller,125000000,209805005,English,USA
The Bourne Legacy,31000,6.7,Action^Adventure^Thriller,125000000,113165635,English,USA
Life of Pi,122000,8,Adventure^Drama^Fantasy,120000000,124976634,English,USA
Prometheus,97000,7,Adventure^Mystery^Sci-Fi,130000000,126464904,English,USA
Elysium,61000,6.6,Action^Drama^Sci-Fi^Thriller,115000000,93050117,English,USA
RoboCop,60000,6.2,Action^Crime^Sci-Fi^Thriller,100000000,58607007,English,USA
Knight and Day,11000,6.3,Action^Comedy^Romance,117000000,76418654,English,USA
Oblivion,71000,7,Action^Adventure^Mystery^Sci-Fi,120000000,89021735,English,USA
Star Wars: Episode III - Revenge of the Sith,10000,7.6,Action^Adventure^Fantasy^Sci-Fi,113000000,380262555,English,USA
The Wolverine,68000,6.7,Action^Adventure^Sci-Fi^Thriller,120000000,132550960,English,USA
Star Wars: Episode I - The Phantom Menace,13000,6.5,Action^Adventure^Fantasy^Sci-Fi,115000000,474544677,English,USA
The Croods,28000,7.3,Adventure^Animation^Comedy^Family^Fantasy,135000000,187165546,English,USA
Teenage Mutant Ninja Turtles,62000,5.9,Action^Adventure^Comedy^Sci-Fi,125000000,190871240,English,USA
Gravity,147000,7.8,Adventure^Drama^Sci-Fi^Thriller,100000000,274084951,English,UK
San Andreas,52000,6.1,Action^Adventure^Drama^Thriller,110000000,155181732,English,USA
Fantastic Four,41000,4.3,Action^Adventure^Sci-Fi,120000000,56114221,English,USA
300: Rise of an Empire,71000,6.2,Action^Drama^Fantasy^War,110000000,106369117,English,USA
Insurgent,27000,6.3,Adventure^Sci-Fi^Thriller,110000000,129995817,English,USA
The Green Hornet,14000,5.8,Action^Comedy^Crime^Sci-Fi^Thriller,120000000,98780042,English,USA
Ender's Game,123000,6.7,Action^Sci-Fi,110000000,61656849,English,USA
Real Steel,36000,7.1,Action^Drama^Sci-Fi^Sport,110000000,85463309,English,USA
The Lord of the Rings: The Fellowship of the Ring,21000,8.8,Action^Adventure^Drama^Fantasy,93000000,313837577,English,New Zealand
Gladiator,21000,8.5,Action^Drama^Romance,103000000,187670866,English,USA
The Martian,153000,8.1,Adventure^Drama^Sci-Fi,108000000,228430993,English,USA
Terminator 2: Judgment Day,13000,8.5,Action^Sci-Fi,102000000,204843350,English,USA
Django Unchained,199000,8.5,Drama^Western,100000000,162804648,English,USA
The Tourist,25000,6,Action^Romance^Thriller,100000000,67631157,English,USA
The Other Guys,16000,6.7,Action^Comedy^Crime,100000000,119219978,English,USA
The Expendables 2,108000,6.7,Action^Adventure^Thriller,92000000,85017401,English,USA
The Wolf of Wall Street,138000,8.2,Biography^Comedy^Crime^Drama,100000000,116866727,English,USA
Cloud Atlas,124000,7.5,Drama^Sci-Fi,102000000,27098580,English,Germany
The Expendables 3,56000,6.1,Action^Adventure^Thriller,90000000,39292022,English,USA
Blood Diamond,14000,8,Adventure^Drama^Thriller,100000000,57366262,English,Germany
Hercules,21000,6,Action^Adventure,100000000,72660029,English,USA
Black Hawk Down,10000,7.7,Drama^History^War,92000000,108638745,English,USA
The Campaign,18000,6.2,Comedy,95000000,86897182,English,USA
Ice Age: Continental Drift,14000,6.6,Adventure^Animation^Comedy^Family,95000000,161317423,English,USA
The Lovely Bones,16000,6.7,Drama^Fantasy^Thriller,65000000,43982842,English,USA
Finding Nemo,11000,8.2,Adventure^Animation^Comedy^Family,94000000,380838870,English,USA
The Fifth Element,18000,7.7,Action^Adventure^Sci-Fi,93000000,63540020,English,France
Cinderella,56000,7,Drama^Family^Fantasy^Romance,95000000,201148159,English,USA
The Lord of the Rings: The Two Towers,10000,8.7,Action^Adventure^Drama^Fantasy,94000000,340478898,English,USA
The Lord of the Rings: The Return of the King,16000,8.9,Action^Adventure^Drama^Fantasy,94000000,377019252,English,USA
Transcendence,37000,6.3,Drama^Mystery^Romance^Sci-Fi^Thriller,100000000,23014504,English,UK
Rise of the Planet of the Apes,47000,7.6,Action^Drama^Sci-Fi^Thriller,93000000,176740650,English,USA
The Departed,29000,8.5,Crime^Drama^Thriller,90000000,132373442,English,USA
Unstoppable,18000,6.8,Action^Thriller,100000000,81557479,English,USA
Mulan,12000,7.5,Adventure^Animation^Family^Fantasy^Musical^War,90000000,120618403,English,USA
The Secret Life of Walter Mitty,70000,7.3,Adventure^Comedy^Drama^Fantasy^Romance,90000000,58229120,English,USA
A Good Day to Die Hard,66000,5.3,Action^Thriller,92000000,67344392,English,USA
A.I. Artificial Intelligence,11000,7.1,Adventure^Drama^Sci-Fi,100000000,78616689,English,USA
Sherlock Holmes,20000,7.6,Action^Adventure^Crime^Mystery^Thriller,90000000,209019489,English,USA
Rio,19000,7,Adventure^Animation^Comedy^Family^Musical,90000000,143618384,English,USA
The Girl with the Dragon Tattoo,54000,7.8,Crime^Drama^Mystery^Thriller,90000000,102515793,English,USA
Contact,15000,7.4,Drama^Mystery^Sci-Fi^Thriller,90000000,100853835,English,USA
Fantastic Four,41000,4.3,Action^Adventure^Sci-Fi,120000000,56114221,English,USA
The Fast and the Furious,14000,6.7,Action^Crime^Thriller,38000000,144512310,English,USA
Cast Away,23000,7.7,Adventure^Drama^Romance,90000000,233630478,English,USA
Hannibal,59000,8.6,Crime^Drama^Horror^Mystery^Thriller,7800000,45000123,English,USA
Hotel Transylvania,28000,7.1,Animation^Comedy^Family^Fantasy,85000000,148313048,English,USA
Safe House,19000,6.8,Action^Crime^Mystery^Thriller,85000000,126149655,English,USA
The Holiday,19000,6.9,Comedy^Romance,85000000,63224849,English,USA
Divergent,49000,6.7,Adventure^Mystery^Sci-Fi,85000000,150832203,English,USA
Scott Pilgrim vs. the World,36000,7.5,Action^Comedy^Fantasy^Romance,60000000,31494270,English,USA
Zodiac,12000,7.7,Crime^Drama^History^Mystery^Thriller,65000000,33048353,English,USA
Dredd,46000,7.1,Action^Sci-Fi,35000000,13401683,English,UK
The Expendables,57000,6.5,Action^Adventure^Thriller,80000000,102981571,English,USA
The Hunger Games,140000,7.3,Adventure^Drama^Sci-Fi^Thriller,78000000,407999255,English,USA
Meet Joe Black,10000,7.1,Drama^Fantasy^Romance,90000000,44606335,English,USA
RED 2,22000,6.7,Action^Comedy^Crime^Thriller,84000000,53215979,English,USA
Grown Ups 2,14000,5.4,Comedy,80000000,133668525,English,USA
The Hangover Part II,56000,6.5,Comedy,80000000,254455986,English,USA
Daredevil,55000,8.8,Action^Adventure^Crime^Drama^Sci-Fi^Thriller,60000000,24000000,English,USA
Face/Off,11000,7.3,Action^Crime^Sci-Fi^Thriller,80000000,112225777,English,USA
The Book of Eli,20000,6.9,Action^Adventure^Drama^Thriller,80000000,94822707,English,USA
Fury,82000,7.6,Action^Drama^War,68000000,85707116,English,USA
Just Go with It,19000,6.4,Comedy^Romance,80000000,103028109,English,USA
A Beautiful Mind,29000,8.2,Biography^Drama,58000000,170708996,English,USA
Shutter Island,53000,8.1,Mystery^Thriller,80000000,127968405,English,USA
The Lion King,17000,8.5,Adventure^Animation^Drama^Family^Musical,45000000,422783777,English,USA
Despicable Me 2,56000,7.5,Animation^Comedy^Family^Sci-Fi,76000000,368049635,English,USA
Independence Day,16000,6.9,Action^Adventure^Sci-Fi,75000000,306124059,English,USA
The Rock,51000,7.4,Action^Adventure^Thriller,75000000,134006721,English,USA
50 First Dates,11000,6.8,Comedy^Romance,75000000,120776832,English,USA
The Terminal,16000,7.3,Comedy^Drama,60000000,77032279,English,USA
Grown Ups,12000,6,Comedy,80000000,162001186,English,USA
The Man from U.N.C.L.E.,43000,7.3,Action^Adventure^Comedy,75000000,45434443,English,USA
Immortals,30000,6.1,Action^Drama^Fantasy^Romance,75000000,83503161,English,USA
Children of Men,17000,7.9,Drama^Sci-Fi^Thriller,76000000,35286428,English,USA
Now You See Me,105000,7.3,Crime^Mystery^Thriller,75000000,117698894,English,USA
Minions,70000,6.4,Action^Animation^Comedy^Family^Sci-Fi,74000000,336029560,English,USA
Sucker Punch,42000,6.1,Action^Fantasy,82000000,36381716,English,USA
Braveheart,17000,8.4,Biography^Drama^History^War,72000000,75600000,English,USA
xXx,10000,5.8,Action^Adventure^Thriller,70000000,141204016,English,USA
Hook,13000,6.7,Adventure^Comedy^Family^Fantasy,70000000,119654900,English,USA
Inglourious Basterds,42000,8.3,Adventure^Drama^War,75000000,120523073,English,USA
Olympus Has Fallen,45000,6.5,Action^Thriller,70000000,98895417,English,USA
Hercules,21000,6,Action^Adventure,100000000,72660029,English,USA
War Horse,28000,7.2,Drama^War,66000000,79883359,English,USA
The Monuments Men,34000,6.1,Drama^War,70000000,78031620,English,USA
Battle Los Angeles,25000,5.8,Action^Sci-Fi,70000000,83552429,English,USA
Big Fish,26000,8,Adventure^Drama^Fantasy,70000000,66257002,English,USA
Dracula Untold,37000,6.3,Action^Drama^Fantasy^Horror^War,70000000,55942830,English,USA
Stardust,15000,7.7,Adventure^Family^Fantasy^Romance,70000000,38345403,English,UK
Escape Plan,34000,6.7,Action^Crime^Mystery^Sci-Fi^Thriller,50000000,25121291,English,USA
Killer Elite,17000,6.5,Action^Crime^Thriller,35000000,25093607,English,UK
Despicable Me,31000,7.7,Animation^Comedy^Family,69000000,251501645,English,USA
Underworld: Awakening,24000,6.4,Action^Fantasy^Horror,70000000,62321039,English,USA
The Twilight Saga: Eclipse,29000,4.9,Adventure^Drama^Fantasy^Romance,68000000,300523113,English,USA
Ted 2,30000,6.4,Comedy,68000000,81257500,English,USA
Abraham Lincoln: Vampire Hunter,98000,5.9,Action^Fantasy^Horror,69000000,37516013,English,USA
Hall Pass,10000,5.9,Comedy^Romance,36000000,45045037,English,USA
The Matrix,25000,8.7,Action^Sci-Fi,63000000,171383253,English,USA
Lincoln,71000,7.4,Biography^Drama^History^War,65000000,182204440,English,USA
Les Misérables,144000,7.6,Drama^Musical^Romance,61000000,148775460,English,USA
Saving Private Ryan,22000,8.6,Action^Drama^War,70000000,216119491,English,USA
Need for Speed,32000,6.5,Action^Crime^Drama^Thriller,66000000,43568507,English,USA
Due Date,25000,6.6,Comedy^Drama,65000000,100448498,English,USA
Unbroken,35000,7.2,Biography^Drama^Sport^War,65000000,115603980,English,USA
The Dictator,59000,6.4,Comedy^Romance,65000000,59617068,English,USA
Eyes Wide Shut,10000,7.3,Drama^Mystery^Thriller,65000000,55637680,English,UK
Focus,23000,6.6,Comedy^Crime^Drama^Romance,50100000,53846915,English,USA
Sin City: A Dame to Kill For,32000,6.5,Action^Crime^Thriller,65000000,13750556,English,USA
Fight Club,48000,8.8,Drama,63000000,37023395,English,USA
This Means War,18000,6.3,Action^Comedy^Romance,65000000,54758461,English,USA
Resident Evil: Retribution,32000,5.4,Action^Horror^Sci-Fi^Thriller,65000000,42345531,English,Germany
Everest,40000,7.1,Adventure^Biography^Drama^History^Sport^Thriller,55000000,43247140,English,UK
Perfume: The Story of a Murderer,26000,7.5,Crime^Drama^Fantasy,50000000,2208939,English,Germany
The Hateful Eight,114000,7.9,Crime^Drama^Mystery^Thriller^Western,44000000,54116191,English,USA
Jurassic Park,19000,8.1,Adventure^Sci-Fi^Thriller,63000000,356784000,English,USA
The Green Mile,30000,8.5,Crime^Drama^Fantasy^Mystery,60000000,136801374,English,USA
Gone Girl,146000,8.1,Crime^Drama^Mystery^Thriller,61000000,167735396,English,USA
The Truman Show,18000,8.1,Comedy^Drama^Sci-Fi,60000000,125603360,English,USA
M300,13000,7.7,Action^Drama^Fantasy^War,65000000,210592590,English,USA
Marley & Me,11000,7.1,Comedy^Drama^Family,60000000,143151473,English,USA
RED,32000,7.1,Action^Comedy^Crime^Thriller,58000000,90356857,English,USA
The Scorch Trials,24000,6.4,Action^Sci-Fi^Thriller,61000000,81687587,English,USA
Contagion,42000,6.6,Drama^Thriller,60000000,75638743,English,USA
2 Guns,22000,6.7,Action^Comedy^Crime^Drama^Thriller,61000000,75573300,English,USA
Jack Reacher,38000,7,Action^Crime^Mystery^Thriller,60000000,80033643,English,USA
Coraline,10000,7.7,Animation^Family^Fantasy,60000000,75280058,English,USA
The Lego Movie,64000,7.8,Action^Adventure^Animation^Comedy^Family^Fantasy,60000000,257756197,English,Australia
Man on Fire,14000,7.7,Action^Crime^Drama^Thriller,70000000,77862546,English,USA
Gangster Squad,40000,6.7,Action^Crime^Drama^Thriller,60000000,45996718,English,USA
Invictus,23000,7.4,Biography^Drama^History^Sport,60000000,37479778,English,USA
Almost Famous,15000,7.9,Adventure^Comedy^Drama^Music,60000000,32522352,English,USA
Event Horizon,10000,6.7,Horror^Sci-Fi^Thriller,60000000,26616590,English,UK
The Mortal Instruments: City of Bones,44000,6,Fantasy^Horror^Mystery^Romance,60000000,31165421,English,USA
Deadpool,117000,8.1,Action^Adventure^Comedy^Romance^Sci-Fi,58000000,363024263,English,USA
The Internship,22000,6.3,Comedy,58000000,44665963,English,USA
American Sniper,112000,7.3,Action^Biography^Drama^History^Thriller^War,58800000,350123553,English,USA
The Avengers,123000,8.1,Action^Adventure^Sci-Fi,220000000,623279547,English,USA
Resident Evil: Afterlife,19000,5.9,Action^Adventure^Horror^Sci-Fi,60000000,60128566,English,Germany
Forrest Gump,59000,8.8,Comedy^Drama,55000000,329691196,English,USA
Captain Phillips,65000,7.9,Biography^Drama^Thriller,55000000,107100855,English,USA
The Pursuit of Happyness,32000,8,Biography^Drama,55000000,162586036,English,USA
Kill Bill: Vol. 1,13000,8.1,Action,30000000,70098138,English,USA
The Watch,15000,5.7,Action^Comedy^Sci-Fi,68000000,34350553,English,USA
The Devil's Advocate,11000,7.5,Drama^Mystery^Thriller,57000000,60984028,English,USA
The Equalizer,56000,7.2,Action^Crime^Thriller,55000000,101530738,English,USA
Changeling,14000,7.8,Crime^Drama^Mystery^Thriller,55000000,35707327,English,USA
Seven Pounds,26000,7.7,Drama^Romance,55000000,69951824,English,USA
Black Mass,44000,7,Biography^Crime^Drama,53000000,62563543,English,USA
Moulin Rouge!,10000,7.6,Drama^Musical^Romance,52500000,57386369,English,USA
Law Abiding Citizen,21000,7.4,Crime^Drama^Thriller,50000000,73343413,English,USA
Catch Me If You Can,15000,8,Biography^Crime^Drama,52000000,164435221,English,USA
The Change-Up,13000,6.4,Comedy^Fantasy,52000000,37035845,English,USA
Mamma Mia!,10000,6.3,Comedy^Family^Musical^Romance,52000000,143704210,English,USA
The Twilight Saga: New Moon,13000,4.6,Adventure^Drama^Fantasy^Romance,50000000,296623634,English,USA
The Adjustment Bureau,36000,7.1,Romance^Sci-Fi^Thriller,50200000,62453315,English,USA
Zero Dark Thirty,39000,7.4,Drama^History^Thriller,40000000,95720716,English,USA
Casino,11000,8.2,Biography^Crime^Drama,52000000,42438300,English,USA
Ted,74000,7,Comedy^Fantasy,50000000,218628680,English,USA
Super 8,37000,7.1,Mystery^Sci-Fi^Thriller,50000000,126975169,English,USA
Anchorman 2: The Legend Continues,41000,6.3,Comedy,50000000,2175312,English,USA
Interview with the Vampire: The Vampire Chronicles,11000,7.6,Drama^Fantasy^Horror,60000000,105264608,English,USA
Into the Woods,90000,6,Adventure^Comedy^Drama^Fantasy^Musical,50000000,127997349,English,USA
As Good as It Gets,11000,7.7,Comedy^Drama^Romance,50000000,147637474,English,USA
22 Jump Street,24000,7.1,Action^Comedy^Crime,50000000,191616238,English,USA
We Bought a Zoo,22000,7.1,Comedy^Drama^Family,25000000,75621915,English,USA
Crazy  Stupid  Love. ,44000,7.4,Comedy^Drama^Romance,50000000,84244877,English,USA
Non-Stop,24000,7,Action^Mystery^Thriller,50000000,91439400,English,UK
Moneyball,27000,7.6,Biography^Drama^Sport,50000000,75605492,English,USA
I Am Number Four,27000,6.1,Action^Adventure^Sci-Fi^Thriller,60000000,55092830,English,USA
The Game,25000,7.8,Drama^Mystery^Thriller,50000000,48265581,English,USA
American Reunion,39000,6.7,Comedy,50000000,56724080,English,USA
V for Vendetta,48000,8.2,Action^Drama^Thriller,54000000,70496802,English,USA
Hansel & Gretel: Witch Hunters,45000,6.1,Action^Fantasy^Horror,50000000,55682070,English,Germany
The Judge,47000,7.4,Crime^Drama,50000000,47105085,English,USA
Chappie,67000,6.9,Action^Crime^Drama^Sci-Fi^Thriller,49000000,31569268,English,USA
Taken 3,38000,6,Action^Thriller,48000000,89253340,English,France
Taken 2,63000,6.3,Action^Crime^Thriller,45000000,139852971,English,France
Galaxy Quest,19000,7.3,Adventure^Comedy^Sci-Fi,45000000,71423726,English,USA
Prisoners,86000,8.1,Crime^Drama^Mystery^Thriller,46000000,60962878,English,USA
The Hitchhiker's Guide to the Galaxy,10000,6.8,Adventure^Comedy^Sci-Fi,50000000,51019112,English,USA
Savages,28000,6.5,Crime^Drama^Thriller,45000000,47307550,English,USA
The Bucket List,22000,7.4,Adventure^Comedy^Drama,45000000,93452056,English,USA
Dredd,46000,7.1,Action^Sci-Fi,35000000,13401683,English,UK
Love Actually,52000,7.7,Comedy^Drama^Romance,45000000,59365105,English,UK
The Ghost Writer,15000,7.2,Mystery^Thriller,45000000,15523168,English,France
21 Jump Street,39000,7.2,Action^Comedy^Crime,42000000,138447667,English,USA
Notting Hill,11000,7,Comedy^Drama^Romance,42000000,116006080,English,UK
The Heat,24000,6.6,Action^Comedy^Crime,43000000,159578352,English,USA
Lord of War,10000,7.6,Crime^Drama^Thriller,50000000,24127895,English,USA
Argo,89000,7.7,Biography^Drama^History^Thriller,44500000,136019448,English,USA
The Mechanic,16000,6.6,Action^Crime^Thriller,40000000,29113588,English,USA
The Interview,50000,6.6,Comedy,44000000,6105175,English,USA
The Sixth Sense,14000,8.1,Drama^Mystery^Thriller,40000000,293501675,English,USA
The Proposal,10000,6.7,Comedy^Drama^Romance,40000000,163947053,English,USA
Back to the Future Part II,12000,7.8,Adventure^Comedy^Sci-Fi,40000000,118500000,English,USA
Lucy,83000,6.4,Action^Sci-Fi^Thriller,40000000,126546825,English,France
Man on a Ledge,11000,6.6,Action^Crime^Thriller,42000000,18600911,English,USA
American Hustle,63000,7.3,Crime^Drama,40000000,150117807,English,USA
Fifty Shades of Grey,101000,4.1,Drama^Romance,40000000,166147885,English,USA
Lone Survivor,58000,7.6,Action^Biography^Drama^Thriller^War,40000000,125069696,English,USA
Bram Stoker's Dracula,14000,7.5,Fantasy^Horror^Romance,40000000,82522790,English,USA
The Intern,54000,7.2,Comedy^Drama,35000000,75274748,English,USA
The Social Network,74000,7.7,Biography^Drama,40000000,96917897,English,USA
He's Just Not That Into You,12000,6.4,Comedy^Drama^Romance,40000000,93952276,English,USA
Sin City,13000,8.1,Crime^Thriller,40000000,74098862,English,USA
Unbroken,35000,7.2,Biography^Drama^Sport^War,65000000,115603980,English,USA
Bridge of Spies,55000,7.6,Drama^History^Thriller,40000000,72306065,English,USA
Get Him to the Greek,12000,6.4,Comedy^Music,67900000,60923325,English,USA
Unknown,29000,6.9,Action^Mystery^Thriller,30000000,61094903,English,UK
The Prestige,49000,8.5,Drama^Mystery^Sci-Fi^Thriller,40000000,53082743,English,USA
The Other Woman,16000,6,Comedy^Romance,40000000,83906114,English,USA
The Lincoln Lawyer,25000,7.3,Crime^Drama^Thriller,40000000,57981889,English,USA
Apocalypto,14000,7.8,Action^Adventure^Drama^Thriller,40000000,50859889,Maya,USA
Predators,17000,6.4,Action^Adventure^Sci-Fi^Thriller,40000000,52000688,English,USA
Paul,42000,7,Adventure^Comedy^Sci-Fi,40000000,37371385,English,USA
The Impossible,54000,7.6,Drama^Thriller,45000000,18996755,English,Spain
Fantastic Mr. Fox,15000,7.8,Adventure^Animation^Comedy^Crime^Family,40000000,20999103,English,USA
Amélie,39000,8.4,Comedy^Romance,77000000,33201661,French,France
Horrible Bosses 2,12000,6.3,Comedy^Crime,42000000,54414716,English,USA
Pandorum,10000,6.8,Action^Horror^Mystery^Sci-Fi^Thriller,33000000,10326062,English,Germany
Snowpiercer,58000,7,Action^Drama^Sci-Fi^Thriller,39200000,4563029,English,South Korea
Sunshine,15000,7.3,Adventure^Sci-Fi^Thriller,26000000,3675072,English,UK
Scream 4,26000,6.2,Horror^Mystery,40000000,38176892,English,USA
A Million Ways to Die in the West,24000,6.1,Comedy^Western,40000000,42615685,English,USA
The Crow,15000,7.6,Action^Drama^Fantasy,23000000,50693162,English,USA
The Time Traveler's Wife,13000,7.1,Drama^Fantasy^Romance^Sci-Fi,39000000,63411478,English,USA
The Fast and the Furious,14000,6.7,Action^Crime^Thriller,38000000,144512310,English,USA
Serenity,14000,8,Action^Adventure^Sci-Fi^Thriller,40000000,25335935,English,USA
Riddick,39000,6.4,Action^Sci-Fi^Thriller,38000000,41997790,English,USA
The Thing,23000,8.2,Horror^Mystery^Sci-Fi,15000000,13782838,English,USA
The Master,27000,7.1,Drama,32000000,16377274,English,USA
Creed,70000,7.7,Drama^Sport,35000000,109712885,English,USA
Magnolia,13000,8,Drama,37000000,22450975,English,USA
The Town,29000,7.6,Crime^Drama^Thriller,37000000,92173235,English,USA
Rush,83000,8.1,Action^Biography^Drama^Sport,38000000,26903709,English,UK
Twilight,19000,5.2,Drama^Fantasy^Romance,37000000,191449475,English,USA
We're the Millers,35000,7,Comedy^Crime,37000000,150368971,English,USA
Gattaca,17000,7.8,Drama^Sci-Fi^Thriller,36000000,12339633,English,USA
Hot Tub Time Machine,12000,6.4,Comedy^Sci-Fi,36000000,50213619,English,USA
The Blind Side,38000,7.7,Biography^Drama^Sport,29000000,255950375,English,USA
Horrible Bosses,31000,6.9,Comedy^Crime,35000000,117528646,English,USA
True Grit,36000,7.7,Adventure^Drama^Western,38000000,171031347,English,USA
The Hangover,24000,7.8,Comedy,35000000,277313371,English,USA
Batman,12000,7.6,Action^Adventure,35000000,251188924,English,USA
L.A. Confidential,11000,8.3,Crime^Drama^Mystery^Thriller,35000000,64604977,English,USA
A Nightmare on Elm Street,10000,7.5,Horror,1800000,26505000,English,USA
Friends with Benefits,41000,6.6,Comedy^Romance,35000000,55802754,English,USA
Saving Mr. Banks,39000,7.5,Biography^Comedy^Drama^History^Music,35000000,83299761,English,USA
This Is 40,18000,6.2,Comedy,35000000,67523385,English,USA
In Time,52000,6.7,Action^Sci-Fi^Thriller,40000000,37553932,English,USA
Poltergeist,11000,7.4,Fantasy^Horror,10700000,76600000,English,USA
J. Edgar,16000,6.6,Biography^Crime^Drama,35000000,37304950,English,USA
The Tree of Life,39000,6.7,Drama^Fantasy,32000000,13303319,English,USA
The Maze Runner,38000,6.8,Action^Mystery^Sci-Fi^Thriller,34000000,102413606,English,USA
The Fountain,23000,7.3,Drama^Sci-Fi,35000000,10139254,English,USA
The Pianist,21000,8.5,Biography^Drama^War,35000000,32519322,English,France
Closer,12000,7.3,Drama^Romance,27000000,33987757,English,USA
Star Wars: Episode VI - Return of the Jedi,14000,8.4,Action^Adventure^Fantasy^Sci-Fi,32500000,309125409,English,USA
The Reader,15000,7.6,Drama^Romance,32000000,34180954,English,USA
Elf,21000,6.9,Comedy^Family^Fantasy^Romance,33000000,173381405,English,USA
Bridesmaids,27000,6.8,Comedy^Romance,32500000,169076745,English,USA
The Number 23,10000,6.4,Mystery^Thriller,32000000,35063732,English,USA
Apocalypse Now,19000,8.5,Drama^War,31500000,78800000,English,USA
The Grand Budapest Hotel,149000,8.1,Adventure^Comedy^Crime^Drama,25000000,59073773,English,USA
Flight,64000,7.3,Drama^Thriller,31000000,93749203,English,USA
This Is the End,97000,6.7,Comedy^Fantasy,32000000,101470202,English,USA
Source Code,56000,7.5,Mystery^Sci-Fi^Thriller,32000000,54696902,English,USA
The Vow,32000,6.8,Drama^Romance,30000000,125014030,English,USA
Se7en,39000,8.6,Crime^Drama^Mystery^Thriller,33000000,100125340,English,USA
Mystic River,12000,8,Crime^Drama^Mystery^Thriller,25000000,90135191,English,USA
Million Dollar Baby,14000,8.1,Drama^Sport,30000000,100422786,English,USA
Legends of the Fall,11000,7.5,Drama^Romance^War^Western,30000000,66528842,English,USA
Up in the Air,19000,7.4,Drama^Romance,25000000,83813460,English,USA
District 9,22000,8,Action^Sci-Fi^Thriller,30000000,115646235,English,South Africa
The Notebook,57000,7.9,Drama^Romance,29000000,64286,English,USA
Looper,75000,7.4,Action^Crime^Drama^Sci-Fi^Thriller,30000000,66468315,English,USA
Midnight in Paris,78000,7.7,Comedy^Fantasy^Romance,17000000,56816662,English,Spain
Warm Bodies,81000,6.9,Comedy^Horror^Romance,35000000,66359959,English,USA
Blow,13000,7.6,Biography^Crime^Drama,30000000,52937130,English,USA
P.S. I Love You,20000,7.1,Drama^Romance,30000000,53680848,English,USA
Atonement,12000,7.8,Drama^Mystery^Romance^War,30000000,50921738,English,UK
Sicario,59000,7.6,Action^Crime^Drama^Mystery^Thriller,30000000,46875468,English,USA
Southpaw,44000,7.5,Drama^Sport,30000000,52418902,English,USA
Drag Me to Hell,11000,6.6,Horror^Thriller,30000000,42057340,English,USA
Carrie,39000,5.9,Drama^Fantasy^Horror,30000000,35266619,English,USA
Side Effects,29000,7.1,Crime^Drama^Thriller,30000000,32154410,English,USA
M9,13000,7.1,Action^Adventure^Animation^Drama^Mystery^Sci-Fi^Thriller,30000000,31743332,English,USA
The Next Three Days,27000,7.4,Crime^Drama^Romance^Thriller,35000000,21129348,English,USA
The Cabin in the Woods,66000,7,Fantasy^Horror^Mystery^Thriller,30000000,42043633,English,USA
Stranger Than Fiction,13000,7.6,Comedy^Drama^Fantasy^Romance,38000000,40137776,English,USA
Hanna,38000,6.8,Action^Drama^Thriller,30000000,40247512,English,USA
Love & Other Drugs,24000,6.7,Comedy^Drama^Romance,30000000,32357532,English,USA
The Imaginarium of Doctor Parnassus,19000,6.8,Adventure^Fantasy^Mystery,40000000,7689458,English,UK
The Last Stand,24000,6.4,Action^Crime^Thriller,45000000,12026670,English,USA
Once Upon a Time in America,12000,8.4,Crime^Drama,30000000,5300000,English,Italy
Walk the Line,11000,7.9,Biography^Drama^Music^Romance,28000000,119518352,English,USA
Straight Outta Compton,76000,7.9,Biography^Crime^Drama^History^Music,28000000,161029270,English,USA
Die Hard,25000,8.2,Action^Thriller,28000000,81350242,English,USA
The Big Short,99000,7.8,Biography^Comedy^Drama^History,28000000,70235322,English,USA
Identity,11000,7.3,Mystery^Thriller,30000000,51475962,English,USA
Last Vegas,27000,6.6,Comedy^Romance,28000000,63910583,English,USA
Kick-Ass,36000,7.7,Action^Comedy,30000000,48043505,English,UK
Pride & Prejudice,17000,7.8,Drama^Romance,28000000,38372662,English,France
Blade Runner,34000,8.2,Sci-Fi^Thriller,28000000,27000000,English,USA
Kick-Ass 2,36000,6.6,Action^Comedy^Crime,28000000,28751715,English,USA
The Jungle Book,65000,7.8,Adventure^Drama^Family^Fantasy,175000000,362645141,English,UK
The Blues Brothers,14000,7.9,Action^Comedy^Crime^Music,27000000,54200000,English,USA
Lucky Number Slevin,10000,7.8,Crime^Drama^Mystery^Thriller,27000000,22494487,English,Germany
Dark City,14000,7.7,Action^Drama^Fantasy^Mystery^Sci-Fi^Thriller,27000000,14337579,English,Australia
The Passion of the Christ,13000,7.1,Drama,30000000,499263,Aramaic,USA
O Brother  Where Art Thou? ,16000,7.8,Adventure^Comedy^Crime^Music,26000000,45506619,English,UK
Pain & Gain,43000,6.5,Comedy^Crime^Drama,26000000,49874933,English,USA
Taken,29000,7.9,Action^Thriller,25000000,145000989,English,France
Rain Man,12000,8,Drama,25000000,172825435,English,USA
Gran Torino,28000,8.2,Drama,33000000,148085755,English,USA
Schindler's List,41000,8.9,Biography^Drama^History,22000000,96067179,English,USA
The Help,75000,8.1,Drama,25000000,169705587,English,USA
No Country for Old Men,21000,8.1,Crime^Drama^Thriller,25000000,74273505,English,USA
Goodfellas,25000,8.7,Biography^Crime^Drama,25000000,46836394,English,USA
Chocolat,18000,7.3,Drama^Romance,25000000,71309760,English,UK
Scarface,19000,8.3,Crime^Drama,25000000,44700000,English,USA
No Strings Attached,24000,6.2,Comedy^Romance,25000000,70625986,English,USA
The Grey,32000,6.8,Action^Adventure^Drama^Thriller,25000000,51533608,English,USA
Dear John,14000,6.3,Drama^Romance^War,25000000,80014842,English,USA
The Shawshank Redemption,108000,9.3,Crime^Drama,25000000,28341469,English,USA
The Road,32000,7.3,Adventure^Drama,25000000,56692,English,USA
The Men Who Stare at Goats,15000,6.2,Comedy^War,25000000,32416109,English,USA
There Will Be Blood,16000,8.1,Drama,25000000,40218903,English,USA
Warrior,77000,8.2,Drama^Sport,25000000,13651662,English,USA
Star Wars: Episode V - The Empire Strikes Back,17000,8.8,Action^Adventure^Fantasy^Sci-Fi,18000000,290158751,English,USA
Zombieland,26000,7.7,Adventure^Comedy^Horror^Sci-Fi,23600000,75590286,English,USA
Her,148000,8,Drama^Romance^Sci-Fi,23000000,25556065,English,USA
Room1408,11000,6.8,Fantasy^Horror,25000000,71975611,English,USA
Howl's Moving Castle,13000,8.2,Adventure^Animation^Family^Fantasy,24000000,4710455,Japanese,Japan
The Ides of March,22000,7.1,Drama,12500000,40962534,English,USA
Spaceballs,13000,7.1,Adventure^Comedy^Sci-Fi,22700000,38119483,English,USA
Gandhi,12000,8.1,Biography^Drama^History,22000000,45300000,English,UK
I Am Sam,15000,7.6,Drama,22000000,40270895,English,USA
Silver Linings Playbook,117000,7.8,Comedy^Drama^Romance,21000000,132088910,English,USA
Tinker Tailor Soldier Spy,24000,7.1,Drama^Mystery^Thriller,20000000,24104113,English,France
Raiders of the Lost Ark,16000,8.5,Action^Adventure,18000000,242374454,English,USA
The Descendants,22000,7.3,Comedy^Drama,20000000,82624961,English,USA
Edward Scissorhands,16000,7.9,Fantasy^Romance,20000000,56362352,English,USA
The Conjuring,131000,7.5,Horror^Mystery^Thriller,20000000,137387272,English,USA
Orphan,20000,7,Horror^Mystery^Thriller,20000000,41573740,English,USA
12 Years a Slave,83000,8.1,Biography^Drama^History,20000000,56667870,English,USA
Spotlight,80000,8.1,Biography^Crime^Drama^History,20000000,44988180,English,USA
High Fidelity,10000,7.6,Comedy^Drama^Music^Romance,20000000,27277055,English,UK
The Silence of the Lambs,40000,8.6,Crime^Drama^Horror^Thriller,19000000,130727000,English,USA
Eternal Sunshine of the Spotless Mind,52000,8.3,Drama^Fantasy^Romance^Sci-Fi,20000000,34126138,English,USA
Milk,10000,7.6,Biography^Drama^History,20000000,31838002,English,USA
From Dusk Till Dawn,12000,7.3,Crime^Fantasy^Horror,19000000,25753840,English,USA
Into the Wild,76000,8.2,Adventure^Biography^Drama,15000000,18352454,English,USA
The World's End,49000,7,Action^Comedy^Sci-Fi,20000000,26003149,English,UK
Psycho,18000,8.5,Horror^Mystery^Thriller,806947,32000000,English,USA
Twilight,19000,5.2,Drama^Fantasy^Romance,37000000,191449475,English,USA
Princess Mononoke,11000,8.4,Adventure^Animation^Fantasy,2400000000,2298191,Japanese,Japan
Equilibrium,20000,7.5,Action^Drama^Sci-Fi^Thriller,20000000,1190018,English,USA
Bad Teacher,16000,5.7,Comedy,20000000,100292856,English,USA
Scream,11000,7.2,Horror^Mystery,15000000,103001286,English,USA
Spirited Away,28000,8.6,Adventure^Animation^Family^Fantasy,19000000,10049886,Japanese,Japan
Back to the Future,39000,8.5,Adventure^Comedy^Sci-Fi,19000000,210609762,English,USA
Neighbors,21000,6.4,Comedy,18000000,150056505,English,USA
The Shining,37000,8.4,Drama^Horror,19000000,785434533,English,USA
Fear and Loathing in Las Vegas,15000,7.7,Adventure^Comedy^Drama,18500000,10562387,English,USA
Bad Santa,10000,7.1,Comedy^Crime^Drama,18000000,60057639,English,USA
Birdman or (The Unexpected Virtue of Ignorance),114000,7.8,Comedy^Drama^Romance,18000000,42335698,English,USA
Amadeus,16000,8.3,Biography^Drama^History^Music,18000000,51600000,English,USA
127 Hours,63000,7.6,Adventure^Biography^Drama^Thriller,18000000,18329466,English,USA
Predator,13000,7.8,Action^Horror^Sci-Fi,15000000,59735548,English,USA
Blue Jasmine,36000,7.3,Drama,18000000,33404871,English,USA
RocknRolla,12000,7.3,Action^Crime^Thriller,18000000,5694401,English,UK
Hotel Rwanda,12000,8.1,Drama^History^War,17500000,23472900,English,UK
The Others,20000,7.6,Fantasy^Horror^Thriller,17000000,96471845,English,USA
Halloween,12000,7.9,Horror^Thriller,300000,47000000,English,USA
Aliens,18000,8.4,Action^Adventure^Sci-Fi,18500000,85200000,English,USA
Let's Be Cops,14000,6.5,Comedy,17000000,82389560,English,USA
TRON: Legacy,30000,6.8,Action^Adventure^Sci-Fi,170000000,172051787,English,USA
Pitch Perfect,36000,7.2,Comedy^Music^Romance,17000000,64998368,English,USA
Evil Dead,70000,6.5,Horror,17000000,54239856,English,USA
The Illusionist,15000,7.6,Drama^Mystery^Romance^Thriller,16000000,39825798,English,USA
Moonrise Kingdom,71000,7.8,Adventure^Comedy^Drama^Romance,16000000,45507053,English,USA
The Illusionist,15000,7.6,Drama^Mystery^Romance^Thriller,16000000,39825798,English,USA
The Artist,30000,8,Comedy^Drama^Romance,15000000,44667095,English,France
Pan's Labyrinth,27000,8.2,Drama^Fantasy^War,13500000,37623143,Spanish,Spain
Hot Fuzz,17000,7.9,Action^Comedy^Mystery,8000000,23618786,English,UK
Remember Me,24000,7.2,Drama^Romance,16000000,19057024,English,USA
Dead Poets Society,23000,8,Comedy^Drama,16400000,95860116,English,USA
Vicky Cristina Barcelona,14000,7.2,Drama^Romance,15500000,23213577,English,Spain
Hachi: A Dog's Tale,115000,8.1,Drama^Family,16000000,23500000,English,USA
Home Alone,20000,7.5,Comedy^Family,18000000,285761243,English,USA
Top Gun,19000,6.9,Action^Drama^Romance,15000000,176781728,English,USA
The King's Speech,64000,8,Biography^Drama^History^Romance,15000000,138795342,English,UK
Mama,57000,6.2,Fantasy^Horror,20000000,71588220,English,Canada
American Beauty,22000,8.4,Drama,15000000,130058047,English,USA
The Imitation Game,165000,8.1,Biography^Drama^Thriller^War,14000000,91121452,English,UK
Halloween,12000,7.9,Horror^Thriller,300000,47000000,English,USA
Beetlejuice,15000,7.5,Comedy^Fantasy,15000000,73326666,English,USA
The Woman in Black,29000,6.4,Drama^Fantasy^Horror^Thriller,17000000,54322273,English,UK
The Deer Hunter,11000,8.2,Drama^War,15000000,56976222,English,UK
Lawrence of Arabia,11000,8.4,Adventure^Biography^Drama^History^War,15000000,6000000,English,UK
End of Watch,38000,7.7,Crime^Drama^Thriller,7000000,40983001,English,USA
Clash of the Titans,15000,5.8,Action^Adventure^Fantasy,125000000,163192114,English,USA
The Princess Bride,33000,8.1,Adventure^Family^Fantasy^Romance,16000000,30857814,English,USA
The Place Beyond the Pines,47000,7.3,Crime^Drama^Thriller,15000000,21383298,English,USA
The Theory of Everything,90000,7.7,Biography^Drama^Romance,15000000,35887263,English,UK
Drive,81000,7.8,Crime^Drama,15000000,35054909,English,USA
The Hurt Locker,16000,7.6,Drama^History^Thriller^War,15000000,15700000,English,USA
Brazil,16000,8,Drama^Sci-Fi,15000000,9929000,English,UK
One Day,49000,7,Drama^Romance,15000000,13766014,English,USA
In Bruges,32000,8,Comedy^Crime^Drama,15000000,7757130,English,UK
Mulholland Drive,16000,8,Drama^Mystery^Thriller,15000000,7219578,English,France
Metropolis,12000,8.3,Drama^Sci-Fi,6000000,26435,German,Germany
Never Let Me Go,33000,7.2,Drama^Romance^Sci-Fi,15000000,2412045,English,UK
Killing Them Softly,20000,6.2,Crime^Thriller,15000000,14938570,English,USA
The Big Lebowski,35000,8.2,Comedy^Crime,15000000,17439163,English,USA
Slumdog Millionaire,13000,8,Drama^Romance,15000000,141319195,English,UK
Groundhog Day,38000,8.1,Comedy^Fantasy^Romance,14600000,70906973,English,USA
Pretty Woman,11000,6.9,Comedy^Romance,14000000,178406268,English,USA
Romeo + Juliet,10000,6.8,Drama^Romance,14500000,46338728,English,USA
Seven Psychopaths,52000,7.2,Comedy^Crime,15000000,14989761,English,UK
Downfall,14000,8.3,Biography^Drama^History^War,13500000,5501940,German,Germany
Black Swan,106000,8,Drama^Thriller,13000000,106952327,English,USA
RoboCop,60000,6.2,Action^Crime^Sci-Fi^Thriller,100000000,58607007,English,USA
The Godfather: Part II,14000,9,Crime^Drama,13000000,57300000,English,USA
10 Things I Hate About You,10000,7.2,Comedy^Drama^Romance,16000000,38176108,English,USA
Unforgiven,10000,8.3,Drama^Western,14400000,101157447,English,USA
Brokeback Mountain,13000,7.7,Drama^Romance,14000000,83025853,English,USA
Ex Machina,109000,7.7,Drama^Mystery^Sci-Fi^Thriller,15000000,25440971,English,UK
The Mist,20000,7.2,Horror,18000000,25592632,English,USA
Room,72000,8.3,Drama,13000000,14677654,English,Ireland
True Romance,15000,8,Action^Crime^Drama^Romance^Thriller,13000000,12281500,English,USA
The Perks of Being a Wallflower,131000,8,Drama^Romance,13000000,17738570,English,USA
Teenage Mutant Ninja Turtles,62000,5.9,Action^Adventure^Comedy^Sci-Fi,125000000,190871240,English,USA
Lars and the Real Girl,19000,7.4,Comedy^Drama^Romance,12000000,5949693,English,USA
The Exorcist,18000,8,Horror,8000000,204565000,English,USA
Jaws,21000,8,Adventure^Drama^Thriller,8000000,260000000,English,USA
The Butterfly Effect,15000,7.7,Sci-Fi^Thriller,13000000,23947,English,USA
The Boy in the Striped Pajamas,38000,7.8,Drama^War,12500000,9030581,English,UK
Chronicle,32000,7.1,Drama^Sci-Fi^Thriller,12000000,64572496,English,USA
Spartacus: War of the Damned,31000,8.6,Action^Adventure^Biography^Drama^History,12500000,58995345,English,USA
Project X,29000,6.7,Comedy^Crime,12000000,54724272,English,USA
Machete,44000,6.7,Action^Crime^Thriller,10500000,26589953,English,USA
The Fault in Our Stars,93000,7.8,Drama^Romance,12000000,124868837,English,USA
Das Boot,11000,8.4,Adventure^Drama^Thriller^War,14000000,11433134,German,West Germany
Snatch,27000,8.3,Comedy^Crime,6000000,30093107,English,UK
About Time,105000,7.8,Drama^Fantasy^Romance,12000000,15294553,English,UK
The Fighter,36000,7.9,Biography^Drama^Sport,25000000,93571803,English,USA
Gremlins,14000,7.2,Comedy^Fantasy^Horror,11000000,148170000,English,USA
Star Wars: Episode IV - A New Hope,33000,8.7,Action^Adventure^Fantasy^Sci-Fi,11000000,460935665,English,USA
A Walk to Remember,19000,7.4,Drama^Romance,11000000,41227069,English,USA
What's Eating Gilbert Grape,14000,7.8,Drama^Romance,11000000,9170214,English,USA
2001: A Space Odyssey,24000,8.3,Adventure^Mystery^Sci-Fi,12000000,56715371,English,UK
Poltergeist,11000,7.4,Fantasy^Horror,10700000,76600000,English,USA
Army of Darkness,10000,7.6,Comedy^Fantasy^Horror,13000000,11501093,English,USA
E.T. the Extra-Terrestrial,34000,7.9,Family^Sci-Fi,10500000,434949459,English,USA
Good Will Hunting,31000,8.3,Drama,10000000,138339411,English,USA
Devil,16000,6.3,Horror^Mystery^Thriller,10000000,33583175,English,USA
Dogma,10000,7.4,Adventure^Comedy^Drama^Fantasy,10000000,30651422,English,USA
Office Space,16000,7.8,Comedy,10000000,10824921,English,USA
Mud,27000,7.4,Drama,10000000,21589307,English,USA
The Tourist,25000,6,Action^Romance^Thriller,100000000,67631157,English,USA
Snatch,27000,8.3,Comedy^Crime,6000000,30093107,English,UK
American History X,35000,8.6,Crime^Drama,7500000,6712241,English,USA
Crash,18000,7.9,Crime^Drama^Thriller,6500000,54557348,English,Germany
Melancholia,50000,7.1,Drama^Sci-Fi,7400000,3029870,English,Denmark
Alien,23000,8.5,Horror^Sci-Fi,11000000,78900000,English,UK
Nightcrawler,65000,7.9,Crime^Drama^Thriller,8500000,32279955,English,USA
The Sound of Music,15000,8,Biography^Drama^Family^Musical^Romance,8200000,163214286,English,USA
Little Miss Sunshine,15000,7.9,Comedy^Drama,8000000,59889948,English,USA
Pulp Fiction,45000,8.9,Crime^Drama,8000000,107930000,English,USA
28 Days Later...,11000,7.6,Drama^Horror^Sci-Fi^Thriller,8000000,45063889,English,UK
50 by 50 ,40000,7.7,Comedy^Drama^Romance,8000000,34963967,English,USA
Stand by Me,24000,8.1,Adventure^Drama,8000000,52287414,English,USA
American Psycho,18000,7.6,Crime^Drama,7000000,15047419,English,USA
Easy A,19000,7.1,Comedy^Romance,8000000,58401464,English,USA
It's Kind of a Funny Story,20000,7.2,Comedy^Drama^Romance,8000000,6350058,English,USA
An Education,12000,7.3,Drama,4500000,12574715,English,UK
The Godfather,43000,9.2,Crime^Drama,6000000,134821952,English,USA
Juno,10000,7.5,Comedy^Drama^Romance,7500000,143492840,English,USA
Crash,18000,7.9,Crime^Drama^Thriller,6500000,54557348,English,Germany
Magic Mike,54000,6.1,Comedy^Drama,7000000,113709992,English,USA
500 Days of Summer,40000,7.7,Comedy^Drama^Romance,7500000,32391374,English,USA
Fargo,61000,9,Crime^Drama^Thriller,7800000,123432234,English,USA
The Great Gatsby,115000,7.3,Drama^Romance,105000000,144812796,English,Australia
Skyfall,80000,7.8,Action^Adventure^Thriller,200000000,304360277,English,UK
The Descent,10000,7.2,Adventure^Horror^Thriller,3500000,26005908,English,UK
Dazed and Confused,10000,7.7,Comedy,6900000,7993039,English,USA
The Boondock Saints,16000,7.9,Action^Crime^Thriller,7000000,9453413,English,Canada
Shame,23000,7.3,Drama,6500000,4000304,English,UK
A Serious Man,10000,7,Comedy^Drama,7000000,9190525,English,USA
Grease,13000,7.2,Musical^Romance,6000000,181360000,English,USA
The Terminator,13000,8.1,Action^Sci-Fi,6500000,38400000,English,UK
Good Bye Lenin!,11000,7.7,Drama^Romance,4800000,4063859,German,Germany
Insidious: Chapter 2,35000,6.6,Fantasy^Horror^Thriller,5000000,83574831,English,USA
The Wrestler,10000,7.9,Drama^Sport,6000000,26236603,English,USA
The Usual Suspects,28000,8.6,Crime^Drama^Mystery^Thriller,6000000,23272306,English,USA
Don Jon,33000,6.6,Comedy^Drama^Romance,3000000,24475193,English,USA
Dallas Buyers Club,65000,8,Biography^Drama,5000000,27296514,English,USA
Memento,40000,8.5,Mystery^Thriller,9000000,25530884,English,USA
10 Cloverfield Lane,33000,7.3,Drama^Horror^Mystery^Sci-Fi^Thriller,15000000,71897215,English,USA
Spring Breakers,25000,5.3,Crime^Drama,5000000,14123773,English,USA
The Way Way Back,22000,7.4,Comedy^Drama,5000000,21501098,English,USA
Shaun of the Dead,19000,8,Comedy^Horror,4000000,13464388,English,UK
Once Upon a Time in the West,10000,8.6,Western,5000000,65447453,English,Italy
Tucker and Dale vs Evil,49000,7.6,Comedy^Horror,5500000,223615,English,Canada
The Machinist,21000,7.7,Drama^Thriller,5000000,1082044,English,Spain
Moon,47000,7.9,Drama^Mystery^Sci-Fi,5000000,5009677,English,UK
Requiem for a Dream,38000,8.4,Drama,4500000,3609278,English,USA
Donnie Darko,33000,8.1,Drama^Sci-Fi^Thriller,4500000,727883,English,USA
Lost in Translation,17000,7.8,Drama,4000000,44566004,English,USA
Exodus: Gods and Kings,51000,6.1,Action^Adventure^Drama,140000000,65007045,English,UK
The Kids Are All Right,16000,7.1,Comedy^Drama,3500000,20803237,English,USA
The Orphanage,11000,7.5,Drama^Mystery^Thriller,3400000,7159147,Spanish,Spain
One Flew Over the Cuckoo's Nest,32000,8.7,Drama,4400000,112000000,English,USA
Boyhood,92000,8,Drama,4000000,25359200,English,USA
Airplane!,16000,7.8,Comedy,3500000,83400000,English,USA
Gone with the Wind,16000,8.2,Drama^History^Romance^War,3977000,198655278,English,USA
The Secret in Their Eyes,33000,8.2,Drama^Mystery^Thriller,2000000,20167424,Spanish,Argentina
Network,17000,8.1,Drama^Romance,3800000,43453243,English,USA
Unknown,29000,6.9,Action^Mystery^Thriller,30000000,61094903,English,UK
Whiplash,129000,8.5,Drama^Music,3300000,13092000,English,USA
The Watch,15000,5.7,Action^Comedy^Sci-Fi,68000000,34350553,English,USA
City of God,28000,8.7,Crime^Drama,3300000,7563397,Portuguese,Brazil
The Hunt,60000,8.3,Drama,3800000,610968,Danish,Denmark
Rosemary's Baby,13000,8,Drama^Horror,2300000,34932432,English,USA
A Christmas Story,18000,8.1,Comedy^Family,4000000,7532353,English,USA
It's a Wonderful Life,41000,8.6,Drama^Family^Fantasy^Romance,3180000,50234342,English,USA
The Purge,31000,5.7,Horror^Sci-Fi^Thriller,3000000,64423650,English,USA
Sinister,58000,6.8,Horror^Mystery,3000000,48056940,English,USA
Alice in Wonderland,24000,6.5,Adventure^Family^Fantasy,200000000,334185206,English,USA
Oldboy,43000,8.4,Drama^Mystery^Thriller,3000000,2181290,Korean,South Korea
Some Like It Hot,10000,8.3,Comedy^Music^Romance,2883848,25000000,English,USA
Trainspotting,21000,8.2,Drama,3500000,16501785,English,UK
Cinderella,56000,7,Drama^Family^Fantasy^Romance,95000000,201148159,English,USA
Young Frankenstein,14000,8,Comedy,2800000,86300000,English,USA
The Wizard of Oz,14000,8.1,Adventure^Family^Fantasy^Musical,2800000,22202612,English,USA
The Spectacular Now,10000,7.1,Comedy^Drama^Romance,2500000,6851969,English,USA
Before Sunrise,22000,8.1,Drama^Romance,2500000,5400000,English,USA
Idiocracy,79000,6.6,Adventure^Comedy^Sci-Fi,2000000,438653,English,USA
[Rec],15000,7.5,Horror,1500000,25450300,Spanish,Spain
It Follows,45000,6.9,Horror^Mystery,2000000,14673301,English,USA
Before Sunset,13000,8,Drama^Romance,2700000,5792822,English,USA
Winter's Bone,20000,7.2,Drama,2000000,6531491,English,USA
Amores Perros,11000,8.1,Drama^Thriller,2000000,5383834,Spanish,Mexico
Buried,24000,7,Drama^Mystery^Thriller,3000000,1028658,English,Spain
The Lives of Others,39000,8.5,Drama^Thriller,2000000,11284657,German,Germany
To Kill a Mockingbird,15000,8.4,Crime^Drama,2000000,23854321,English,USA
A Nightmare on Elm Street,10000,7.5,Horror,1800000,26505000,English,USA
Dr. Strangelove or: How I Learned to Stop Worrying and Love the Bomb,18000,8.5,Comedy,1800000,45923105,English,USA
Jack Reacher,38000,7,Action^Crime^Mystery^Thriller,60000000,80033643,English,USA
Carrie,39000,5.9,Drama^Fantasy^Horror,30000000,35266619,English,USA
Insidious,60000,6.8,Fantasy^Horror^Mystery^Thriller,1500000,53991137,English,USA
Lucky Number Slevin,10000,7.8,Crime^Drama^Mystery^Thriller,27000000,22494487,English,Germany
Lock  Stock and Two Smoking Barrels ,21000,8.2,Comedy^Crime,960000,3650677,English,UK
Reservoir Dogs,19000,8.4,Crime^Drama^Thriller,1200000,2812029,English,USA
The Good  the Bad and the Ugly ,20000,8.9,Western,1200000,6100000,Italian,Italy
Casablanca,23000,8.6,Drama^Romance^War,950000,9035632,English,USA
Taxi Driver,35000,8.3,Crime^Drama,1300000,45043340,English,USA
Juno,10000,7.5,Comedy^Drama^Romance,7500000,143492840,English,USA
The Raid: Redemption,51000,7.6,Action^Crime^Thriller,1100000,4105123,Indonesian,Indonesia
Blue Valentine,25000,7.4,Drama^Romance,3500000,9701559,English,USA
Hard Candy,12000,7.1,Crime^Drama^Thriller,950000,1007962,English,USA
The Lovely Bones,16000,6.7,Drama^Fantasy^Thriller,65000000,43982842,English,USA
A Separation,48000,8.4,Drama^Mystery,500000,7098492,Persian,Iran
Safety Not Guaranteed,31000,7,Comedy^Drama^Romance,750000,4007792,English,USA
Seven Samurai,11000,8.7,Action^Adventure^Drama,2000000,269061,Japanese,Japan
Oz the Great and Powerful,60000,6.4,Adventure^Family^Fantasy,215000000,234903076,English,USA
Paranormal Activity,12000,6.3,Horror,15000,107917283,English,USA
The Evil Dead,12000,7.6,Fantasy^Horror,375000,873453,English,USA
Monty Python and the Holy Grail,14000,8.3,Adventure^Comedy^Fantasy,229575,1229197,English,UK
Halloween,12000,7.9,Horror^Thriller,300000,47000000,English,USA
Cube,11000,7.3,Mystery^Sci-Fi^Thriller,365000,489220,English,Canada
Mad Max,10000,7,Action^Adventure^Sci-Fi^Thriller,200000,5602321,English,Australia
12 Angry Men,40000,8.9,Crime^Drama,350000,7803472,English,USA
Side Effects,29000,7.1,Crime^Drama^Thriller,30000000,32154410,English,USA
Pi,24000,7.5,Drama^Mystery^Thriller,60000,3216970,English,USA
The Man from Earth,46000,8,Drama^Romance^Sci-Fi,200000,3543221,English,USA
